username,time,tweet
DerryIrvine,2018-10-19 12:49:17,Fuck feminism im all for equal rights but feminists take the actual piss these days like its laughable
DerryIrvine,2018-10-19 12:47:35,Time for this long ass flight home
DerryIrvine,2018-10-17 13:54:55,pic.twitter.com/D5uVO362T9
DerryIrvine,2018-10-11 16:36:26,To be totally honest Im still baffled at how McLeish managed to get the job again in the first place griffiths done well ti walk fucking shambles
DerryIrvine,2018-10-11 13:54:06,No matter what result Scotland gets tonight and I hope it's a win !  Can you tell me why someone that scores 4 goals just last weekend doesn't get a start  #mustbesometeam
DerryIrvine,2018-10-08 23:07:51,Venom did not disappoint! Canny wait for the next one was like a big child watching it
DerryIrvine,2018-10-08 12:04:58,Mcdonald's past midnight is absolute chaos pic.twitter.com/8nQf4uuR05
DerryIrvine,2018-10-06 03:07:30,British Airways are a fucking disgrace. Never flying with them again
DerryIrvine,2018-10-04 14:11:13,As much as I love him when are we actually going to replace lustig? Polices mens hat or no hes gash
DerryIrvine,2018-10-04 13:11:03,Wee promotion before I broke off work today got my own site to manage/run when I come back from florida
DerryIrvine,2018-09-29 16:00:34,The reactions to other Celtic players goals is life.... Zoom in Always try and be yourself if that's not possible be Tom Rogic.pic.twitter.com/kMHMvQiLLW
DerryIrvine,2018-10-02 04:53:32,Canny wait to see all the hearts fans hopes and dreams being crushed when they eventually lose that top spot
DerryIrvine,2018-09-28 21:03:00,Deena about yous but this is why I love Newcastle so muchpic.twitter.com/uRTQlmrGJm
DerryIrvine,2018-09-28 07:12:45,Someone should make a documentary investigating what charities really do with the money there given id watch that
DerryIrvine,2018-09-27 14:50:39,Anybody else sit on there phone for a while in the car after youve finished work and went home?
DerryIrvine,2018-09-27 08:16:36,Dinny get it smarties mcflurry was the worst out the lot of them
DerryIrvine,2018-09-26 13:38:27,Away to florida a week on Saturday and im struggling where the fucks the pay pigs for boys about I dinny mind shelling out pics of my feet?
DerryIrvine,2018-09-25 15:31:10,Watch: Young Rangers fan thanks @CelticFC  star Johnny Hayes after he rescued him from a bully gangRead more:  https://bit.ly/2xyta0T pic.twitter.com/wcE9eMmaQ6
DerryIrvine,2018-09-25 10:19:58,Fuck festivals fuck raves fuck the sesh! The boring mellow life is for me
DerryIrvine,2018-09-25 03:56:15,Feel like absolute death 25 year old and a want ma maw to look after me
DerryIrvine,2018-09-19 19:21:09,Last day at work tomorrow then mint festival with the boys!
DerryIrvine,2018-09-12 13:29:02,Sitting in the Motherwell end of the press section watching and listening to this.pic.twitter.com/S3UEswPIVT
DerryIrvine,2018-09-10 03:23:32,Dont mean to be disrespectful but why is it that it takes a celebrity to die for people to suddenly care about mental health/drug abuse? Few weeks will pass and everyone will forget and the experts will go quiet.
DerryIrvine,2018-08-26 09:32:53,"a canny stop laughing at the ""here we fucking gooo""pic.twitter.com/wVdk1j9Aed - at Bellahouston Park"
DerryIrvine,2018-09-02 09:58:57,Rangers fans - Ticket for Celtic Park - PS50. 2 bottles of buckie PS15. Reaction to being locked in and watching  @Leighgriff09 and @ScottBrown8 bamming you up. PRICELESS!pic.twitter.com/glkq4Yp9pY
DerryIrvine,2018-09-02 08:59:41,Get those fucking disco lights on bhoys!
DerryIrvine,2018-09-02 08:57:09,Glasgows STILL green and white
DerryIrvine,2018-09-02 08:52:36,QUESTION US NOW!!GLASGOW IS GREEN AND WHITE
DerryIrvine,2018-08-31 09:17:46,Cant wait to get home tonight for a chilled weekend with the mrs
DerryIrvine,2018-08-29 15:16:15,Dear @celticfc....pic.twitter.com/b91dfhyIbz
DerryIrvine,2018-08-23 13:42:48,No long till florida now with the mrs! @hayleyyoung93
DerryIrvine,2018-08-17 06:01:05,#WelcomeArzani pic.twitter.com/DEpD54JfL1
DerryIrvine,2018-08-14 19:35:44,Brendan Rodgers canny be getting the blame for that shite tonight? Time after time Lawwell and the money men behind celtic have failed to deliver. To succeed you move forward. Squad looked tired at the end of the season. We broke the bank for a striker when it starts at the back.
DerryIrvine,2018-08-14 02:10:42,Canny be arsed is an understatement the day
DerryIrvine,2018-08-12 16:50:10,Only I could come all the way to aberdeen to work for a few weeks and forget to bring my work clothes
DerryIrvine,2018-08-07 14:41:11,Fuckin some sort ae pigeon pic.twitter.com/S0fZycNKy4
DerryIrvine,2018-08-03 16:38:42,Radio 1 live from Ibiza is making it very hard not to go out
DerryIrvine,2018-08-03 15:57:15,Get me to Ibiza now!!!
DerryIrvine,2018-07-30 09:12:13,You and your pal coming out the bathroom in a gaff after taking a beaster https://twitter.com/LeanandCuisine/status/1019432153036279809 ...
DerryIrvine,2018-07-23 14:10:34,Happy birthday @courtneyblackkk! Hope youve had a good day buddy x
DerryIrvine,2018-07-21 03:07:06,Honestly feel like youve been out the whole night with some people and there snapchat storys pit your phone down and enjoy yourself for a minute man
DerryIrvine,2018-07-17 17:26:36,Thats the boys booked up accommodation for mint festival again get onnnn!
DerryIrvine,2018-07-17 06:07:25,Turning 25 wasn't as bad as I thought it would be
DerryIrvine,2018-07-12 12:52:28,Parents....why pic.twitter.com/H5YujglbsR
DerryIrvine,2018-07-15 11:36:39,VAR is actually ruining football
DerryIrvine,2018-07-11 16:41:43,Lost a fortune but its worth it ENGLANDS GOING HOME
DerryIrvine,2018-07-11 16:40:25,Going to watch every second of this post match with all the three numptys in studio! Excuses after excuses 
DerryIrvine,2018-07-11 15:27:36,YAAAAA BEAUTYYYYYY 
DerryIrvine,2018-07-11 13:12:03,Some eh these questions and replys im seeing on ig are brilliant
DerryIrvine,2018-07-09 17:06:16,What a want ti know is who actually voted for that wee pleb sam
DerryIrvine,2018-07-08 06:42:03,Last thing i needed today was someone slamming into the back eh my car at 50mph
DerryIrvine,2018-07-07 16:54:11,Very first penalty and he goes for a dink? No caring what anyone says that should be rocketed as hard as it can
DerryIrvine,2018-07-04 15:29:51,This is a dedication to house music
DerryIrvine,2018-07-03 15:59:16,CMON ESCOBARS!!
DerryIrvine,2018-07-02 17:31:02,Love to bounce joshs head aff a table corner
DerryIrvine,2018-07-02 15:55:37,What a game!!
DerryIrvine,2017-08-21 05:25:26,This deserves endless RT'spic.twitter.com/97ugF6P5KB
DerryIrvine,2018-06-25 16:59:14,Aww buzzing away for payday on thursday and then realising its all away on bills on sunday
DerryIrvine,2018-06-25 15:51:57,This VAR is ruining football absolute joke
DerryIrvine,2018-06-25 15:30:54,Knackered already and its only monday
DerryIrvine,2018-06-21 16:43:29,DID HE JUST DROP AN ELBOW ON A GATOR!? pic.twitter.com/UR0GnIY2AQ
DerryIrvine,2018-06-15 17:00:52,See you later ya diddy
DerryIrvine,2018-06-15 15:46:14,Ronaldo oyaaa
DerryIrvine,2018-06-14 08:19:17,Buzzing to start my new job on monday
DerryIrvine,2018-06-14 04:35:32,Happy birthday bro! @leigh_yulexx
DerryIrvine,2018-06-12 17:57:29,Eyal defo sniffs people pants
DerryIrvine,2018-06-10 12:04:02,Feel old as fuck when kids are asking if you can go into the shop for their fags and drink brings back memories
DerryIrvine,2018-06-07 16:25:43,jurassic world was phenomenal 
DerryIrvine,2018-06-07 07:36:42,This is the result when builders do the radiators @GBridgeford @mckinlay_calumpic.twitter.com/9uFC5zbb0b
DerryIrvine,2018-06-01 05:49:42,See if TITP came back I actually wouldnt even complain about the walk or it being muddy as fuck or about being covered in bodily fluids. Id hop skip and jump right to tht campsite. U actually never know what uve got till its gone x
DerryIrvine,2018-05-30 06:32:13, love Scottish crack https://twitter.com/markmurray96/status/1001048714474082305 ...
DerryIrvine,2018-05-29 14:09:55,Everytimeee pic.twitter.com/sZEigI0fYd
DerryIrvine,2018-05-28 16:23:21,"See these inbreeds that do these ""retweet for good luck"" or ""retweet or you die in 20 minutes"" suck an absolute fat wan"
DerryIrvine,2018-05-27 04:16:40,someone said this dog was xtina i'm cRYINGpic.twitter.com/JqwGQ49No5
DerryIrvine,2018-05-26 17:04:09,Imagine ronaldo not even running to celebrate bales absolutely work of beauty cant argue with his record or  ability but the guys an absolute bell end
DerryIrvine,2018-05-23 10:29:04,Disney in the park. Disney everyday. Disney in my sleep. King of the park. This is my life now. One for the tour? Tickets   http://kylefalconer.lnk.to/tour pic.twitter.com/K8qm9XoLAA
DerryIrvine,2018-05-19 10:19:39,Bbq and plenty of alcohol
DerryIrvine,2018-05-17 13:56:18,Rogic for 5 years!!
DerryIrvine,2018-05-17 07:02:17,Brilliant @AWilkie93  show yo selfffff https://twitter.com/cloutboyjojoo/status/995148829476446208 ...
DerryIrvine,2018-05-11 23:49:04,this movie scene still the GOATpic.twitter.com/VyrzX2dz1H
DerryIrvine,2018-05-16 03:30:10,Canny believe someones tried to break into my van scummy bastards
DerryIrvine,2018-05-14 20:46:51,Mon derry sleeeep pal
DerryIrvine,2018-05-13 09:33:07,Kittys and society was actually rotten last night the music was a joke
DerryIrvine,2018-04-12 13:13:17, yasspic.twitter.com/szpEpCJKBb
DerryIrvine,2018-05-11 05:24:00,People who honestly think its awrite to do 40 on the standing stane are pedos
DerryIrvine,2018-05-10 14:14:47,Delighted to be at this great club  https://twitter.com/celticfc/status/994638396357300225 ...
DerryIrvine,2018-05-09 02:03:27,a love this video far too much https://twitter.com/niamhcox/status/984204978888892417 ...
DerryIrvine,2018-05-08 20:31:58,Nae sleep again
DerryIrvine,2018-05-06 01:25:07,I've been praising Childish Gambino / Donald Glover since my tumblr days but yo this takes it on a new levelpic.twitter.com/tAoiw9yQZz
DerryIrvine,2018-05-06 14:26:28,Shite that my work never takes bank holidays off choking for a pint
DerryIrvine,2018-05-03 16:16:40,Fuck posso up the Ra pic.twitter.com/NHdBalsz7l
DerryIrvine,2018-05-03 07:01:43,Meet me at the club! @themartinezbrospic.twitter.com/96FQR2LTjX
DerryIrvine,2018-04-23 05:35:51,Don't ever take a nap on a construction site 101...pic.twitter.com/AIhhReINr8
DerryIrvine,2018-05-01 10:24:37,Canny wait for finishing time
DerryIrvine,2018-04-30 08:08:59,Just had my first boxing match of the summer the wasp won tho
DerryIrvine,2018-04-29 10:49:12,Partying in gran Canaria wae the hunspic.twitter.com/wtRASVwehj
DerryIrvine,2018-04-29 08:02:52,This is how it feels to be celtic
DerryIrvine,2018-04-27 12:38:33,Got too last a whole weekend with PS1 in my bank payday monday canny come quick enough
DerryIrvine,2018-04-18 18:53:48,IM LOSING IT pic.twitter.com/QdH9QMBzYo
DerryIrvine,2018-04-23 14:20:33,Need to stop this falling asleep as soon as I get in from work shite
DerryIrvine,2018-04-18 19:12:10,@Leighgriff09 please would you do a Disney Florida reveal holiday video for my two kids Brooklyn and Skye they have no clue that there going away on 3rd may my wee boy a massive fan of yours and as am I myself lol me and my wife would love it if you could do this for us
DerryIrvine,2018-04-22 23:08:48,Still no sleeping
DerryIrvine,2018-04-18 10:06:54,MINT FESTIVAL 2018 LINE UP ANNOUNCED Retweet to win: x5 Backstage Upgrades + PS500 Bar Tab Tickets:  http://bit.ly/2ssXERO pic.twitter.com/1s4lhaVK57
DerryIrvine,2018-04-12 11:07:23,Every time I hear this groove  pic.twitter.com/VY5mQHkJtR
DerryIrvine,2018-04-16 20:01:51,Looks like im no sleeping the night again
DerryIrvine,2018-04-15 18:14:06,As if the official twitter of Manchester United have congratulated man city on winning the title english clubs and english fans are an embarrassment
DerryIrvine,2018-04-15 11:09:26,Dembele has been superb this game
DerryIrvine,2018-04-15 10:41:13,Cheeky chip ma boy moussa!
DerryIrvine,2018-04-15 10:10:23,Its just toooooooo easy
DerryIrvine,2018-04-15 09:53:59,Oor wee wizard of oz!!!!!!!
DerryIrvine,2018-04-15 09:29:20,Cmon bhoys right into this fucking shite!
DerryIrvine,2018-04-15 06:46:24,@solardomusic wow.pic.twitter.com/puDGuc8Ehw
DerryIrvine,2018-04-14 18:21:44,Troops are away to solardo without me
DerryIrvine,2018-04-14 11:20:03,Wish I could afford holidays all year round and constant new clothes off the bank eh mum and dad instead of working and barley affording to wipe ma arse
DerryIrvine,2018-04-14 04:58:39,My pals better fucking appreciate me lift to and back for solardo the night is heart breaking
DerryIrvine,2018-04-12 05:27:55,Getting texts of rage from the mrs cause I took her tin of monster to my work seek
DerryIrvine,2018-04-11 11:32:00,Unpopular opinion but kilts are fucking rank canny beat a suit
DerryIrvine,2018-04-09 04:03:06,Monday can go take a flying fck at itself
DerryIrvine,2018-04-07 17:37:36,Scratch that im oot
DerryIrvine,2018-04-07 16:28:03,Lorenzos for the first time in about 5 years the night sober
DerryIrvine,2018-04-06 19:12:47,Boom! The rematch is set!@TJDillashaw defends the strap against @Cody_NoLove Aug. 4 in LA!! #UFC227pic.twitter.com/P5Ocr9K2fY
DerryIrvine,2018-04-06 15:41:20,Bored out my skull
DerryIrvine,2018-04-05 17:29:22,100% Conor was wrong but here's some context Khabib & mates cornered Conor's mate yesterday whilst on his own.Conor flew from Ireland with his crew to have it out with Khabib who shat it and stayed on the bus they attackedConor IS nuts but he's bloody loyal!#UFC223pic.twitter.com/kcBxCtYTk3
DerryIrvine,2018-04-06 13:27:59,Fucking love scott brown
DerryIrvine,2018-04-05 03:03:07,On this day in 1994 a generation lost an important voice. RIP #KurtCobainpic.twitter.com/X1Hbej41dS
DerryIrvine,2018-04-04 09:21:51,Just spewed in my mouth walking into a customers house the smell how can people live like absolute tinks min
DerryIrvine,2018-04-01 05:22:51,pic.twitter.com/j9XHmellY7
DerryIrvine,2018-04-03 03:24:01,It's a no from me today 
DerryIrvine,2018-04-02 11:00:18,Andddddd its 4 oclock chinkys yes sir!
DerryIrvine,2018-04-02 04:58:58,Terminal Vpic.twitter.com/tUNUooFaad
DerryIrvine,2018-04-01 17:27:48,Picked up an hour before finishing at terminal v getting too old for the caper
DerryIrvine,2018-04-01 04:01:59,Terminal v the day troops
DerryIrvine,2018-03-29 16:34:12,Does ma nut in when am drivin normally n ma mums flinging herself about as if she's on the Pepsi max in the passenger seat
DerryIrvine,2018-03-29 13:07:48,Never been this skint in my life spare change pleaseeee
DerryIrvine,2018-03-28 16:57:31,"""You are ma one desiyaaaah"" Don't @ me.pic.twitter.com/9dTvzZ0S40"
DerryIrvine,2018-03-28 13:49:20, https://twitter.com/mcciure/status/979007086242729985 ...
DerryIrvine,2018-03-27 04:36:01,My boy lollipop
DerryIrvine,2018-03-24 09:25:52,Somebody's Excited About The Beachpic.twitter.com/gl28tccVJy
DerryIrvine,2018-03-25 08:50:52,Wouldn't mind this sort eh weather for terminal v
DerryIrvine,2018-03-24 08:47:03,Wee drive and walk about st andrews with the better half today
DerryIrvine,2018-03-19 12:24:52,Joey Barton is a nobody. Most famous for assaulting youth players and putting a fag out in one of their eyes. Bullied by Scott Brown megged by a Hamilton Accies midfielder and nearly snapped in half at Killie. A glorified unskilled shitebag.
DerryIrvine,2018-03-18 11:11:30,Broooonyyyyy
DerryIrvine,2018-03-13 06:49:57,Had enough of this plumbing and gas pish new career needed pronto
DerryIrvine,2018-03-12 16:03:34,PS100 fine and another 3 points on the license ged one derry
DerryIrvine,2018-03-11 10:15:35,Still not moved from my bed rough is an understatement @hannah_wants was worth it tho!
DerryIrvine,2018-03-11 10:05:34, #RANCELpic.twitter.com/2Rr08fNIed
DerryIrvine,2018-03-11 10:00:07,The gap is closing 10 men third choice keeper and we were shit glasgow's green and white sheggers!!
DerryIrvine,2018-03-10 00:41:17,Beautiful mayhem xpic.twitter.com/ZAcD2bbwvM
DerryIrvine,2018-03-09 06:42:42,Group chats with the lads are so savage no one is safe
DerryIrvine,2018-03-08 15:53:17,Love a traffic jam in Edinburgh at 9pm
DerryIrvine,2018-03-05 15:38:49,Hannah wants this weekend shegs
DerryIrvine,2018-03-05 06:02:55,Mondays arnt that bad when your picking up your bran new van
DerryIrvine,2018-03-04 10:20:45,We are ready for the world cup  @thehenriklarssonpic.twitter.com/kBr0eO1PKg
DerryIrvine,2018-03-04 06:29:16,Fiorentina captain Davide Astori has died aged 31 the Serie A club has confirmed.pic.twitter.com/iWuK85y4PG
DerryIrvine,2018-03-02 10:55:08,Walked all the way to pets at home for fuck all
DerryIrvine,2018-03-01 10:45:06,So bored I could greet.
DerryIrvine,2018-03-01 06:20:55,Cringey when you see people splitting up and getting back together twice a week and every weekend boke
DerryIrvine,2018-02-27 12:40:09,What a day one more job then home for my tea and bed
DerryIrvine,2018-02-24 16:53:38,Hayleys sleeping already bored out my tits here
DerryIrvine,2018-02-20 01:01:06,Nirvana's #KurtCobain would have celebrated his 51st birthday today. RIP.pic.twitter.com/kziuijvINz
DerryIrvine,2018-02-20 03:59:06,Swear iphone life expectancies is about a year until they start crashing and doing what the fuck they want
DerryIrvine,2018-02-13 15:09:26,Not a chance manpic.twitter.com/LwHA8ZTSyh
DerryIrvine,2018-02-19 08:19:08,Customers that refuse to pay the final bill. Inbred cunts min
DerryIrvine,2018-02-15 12:19:33,.@DenisSulta & @TheNotoriousMMA Every young Irish person's wet dream. Here's the best video you'll get of it all.pic.twitter.com/ICvHP1TiTK
DerryIrvine,2018-02-17 08:35:12,Finally grew a set and got my nose pierced
DerryIrvine,2018-02-16 07:06:29,Here it is! Get even closer to Callum McGregor's goal with our unique footage.pic.twitter.com/So9qemLrrC
DerryIrvine,2018-02-15 16:45:37,CALLUM MCGREGOR!pic.twitter.com/XY3n8m34yr
DerryIrvine,2018-02-15 01:19:09,Tony Watts goal against Barca with no commentary just the noise of the stadium.pic.twitter.com/RPxkGHql7T
DerryIrvine,2018-02-15 10:58:05,Imagine going to SCHOOL one day and not coming back home. What a world we live in today.
DerryIrvine,2018-02-15 05:26:54,Condemned and shut off the first gas appliance of the year customer was raging
DerryIrvine,2018-02-14 17:31:11,Does b2 actually want to hurry up and make its fcking mind up where its going to be opening
DerryIrvine,2018-02-11 15:12:45,Bamboozle marks the start of a new chapter in my career and it feels right to release it on my own record label...New single. New record label. Soon come! pic.twitter.com/4w2sxjAT7y
DerryIrvine,2018-02-14 17:01:15,Gen up proper DESPISE that gemma collins such an arrogant ignorant twat of a woman
DerryIrvine,2018-02-12 08:39:13,@AWilkie93 That's why we call him the shag!! pic.twitter.com/qV5G3ZAH86
DerryIrvine,2018-02-12 03:34:06,Struggling this morning
DerryIrvine,2018-02-11 11:29:04,Saturday nights are all fun and game until you've got to face the Sunday pic.twitter.com/kWtumT4RFc
DerryIrvine,2018-02-10 13:01:03,#RIPLiamMiller pic.twitter.com/W1unmGUcgD
DerryIrvine,2018-02-05 18:46:26,Canny wait to get my new van next month
DerryIrvine,2018-02-03 12:53:42,"Just ma bird that forces me to take about 543256 photos of them before a night out then shells abuse at me cause ""im shite"" take your own fuckn photos"
DerryIrvine,2018-01-31 12:48:25,i always did like blade. roll on festival season 2018...pic.twitter.com/DWnLBGmOoi
DerryIrvine,2018-01-31 14:36:49,Thanks for having me today @toolfair I'm lucky enough to be invited to these shows if you've been hard at work all day don't sweat it I picked up a few bits give this a RT and you could win pic.twitter.com/UPjCAhqyH2
DerryIrvine,2018-01-30 05:24:35,Eats everything in march tho
DerryIrvine,2018-01-29 11:06:25,
DerryIrvine,2018-01-29 04:56:16,We're pleased to announce our 2018 festival dates. Full information at  http://arcticmonkeys.com pic.twitter.com/0LSBftUUZb
DerryIrvine,2018-01-28 19:45:20,Saviour of the pensioners lately like! Old man fell outside the house and burst his nose helped um cleaned him up and took him home poor wee soul
DerryIrvine,2018-01-28 12:22:24,Why is it that when your no playing  your xbox or that your bird doesny move or bother you but when you are in a sweaty battle they canny fucking sit still and wilny leave you alone
DerryIrvine,2018-01-26 11:16:00,Payday on Wednesday canny come quick enough
DerryIrvine,2018-01-23 17:30:01,@emmapollyy ... you got something you want to tell me babe? Watching telly to see an Advert come on of the new series for @CelebsGoDating to find my Mrs snogging the face off muggy mike #muggedoffbymike @MikeThalassitis pic.twitter.com/8ZXiK3EmsZ
DerryIrvine,2018-01-25 03:48:18,3 jobs ive been to already this morning none of them has been in easy morning fir me then
DerryIrvine,2018-01-23 15:37:58,Wish hayley would stop being a dick and come to paradise with me for a game
DerryIrvine,2018-01-23 15:32:58,Buzzing already for @Mint_Festival again this year pic.twitter.com/ekbpnKpH98
DerryIrvine,2018-01-23 12:07:04,Sooooooo many tattoos I want so little cash
DerryIrvine,2018-01-20 05:08:35,Happy birthday you two stepping sexy basturd @ReescoDonnelly
DerryIrvine,2016-02-27 12:13:20,hahaha diving heederpic.twitter.com/Tg5ufGb3SV
DerryIrvine,2018-01-17 16:13:02,100% what it was all about back in the day. Would love to go back and do it again Best moment when you're all legging it finally stop and go 'right nae mare the now' cause everyone is knackered then some cunt pelts another window and you're off again https://twitter.com/reecemuirr/status/953366043413635073 ...
DerryIrvine,2018-01-18 13:25:55,Fireeeeee https://soundcloud.com/remelie/remelie-mix-vol-5 ...
DerryIrvine,2018-01-17 17:12:02,Weans make glasgow wait for itpic.twitter.com/XjM7zyH5Av
DerryIrvine,2018-01-18 05:52:59,Good deed done for today old man broke down infront of me with a flat tyre changed it for him and he was so grateful gave me a bag of sweets
DerryIrvine,2018-01-16 04:37:59,"Wave after wave of these ""who visited your twitter profile"" who fucking cares"
DerryIrvine,2018-01-15 19:44:39,Do you know de wae
DerryIrvine,2018-01-15 11:10:30,Going from weekly pay to monthly is baws. Eating bread and drinking water for the next two weeks
DerryIrvine,2018-01-14 17:55:44,Feel old picking my gran and grandad up later on from there Sunday sesh. Get home now its a school night and im up early!
DerryIrvine,2018-01-12 05:30:57,"Happy Friday.Here is the legendary Wibbling Rivalry argument between LG and NG to get you to the weekend.""You can stick your thousand pounds right up yer fuckin' ass till it comes out your fuckin' big toe.""pic.twitter.com/Rd0WxU36TX"
DerryIrvine,2018-01-11 20:22:00,Bad idea to sleep all day in the van wide awake
DerryIrvine,2018-01-11 08:21:22,20 past 1 and ive no even turned a spanner yet thank fuck for hourly rates
DerryIrvine,2018-01-11 04:49:39,All the way to north queensferry for a job to find out the joiner hasnt turned up and hasnt left a key for access YAS
DerryIrvine,2018-01-10 05:06:19,That coachella festival looks far too posh compared to Scottish festivals you can hardly imagine the Kardashians shouting Alan at 6am wi a can eh Tennant's n a roll up 
DerryIrvine,2018-01-05 14:47:10,.@RBarkley20 will wear the number  shirt! #WelcomeBarkley http://nike.com/chelsea pic.twitter.com/zFeFfzxV1W
DerryIrvine,2018-01-05 11:59:54,Absolutely delighted to have signed @CelticFC today incredible moment for me and my family. Also a big thanks to everyone at @BeswicksSports for their help throughout I can't wait to get started
DerryIrvine,2018-01-05 11:46:45,Forgot my phone is mirrored on the tv and zoomed in on that kim kardashians new nude thinking i was sneaky boom full screen sorry @hayleyyoung93 shes ged looking tho eh...
DerryIrvine,2018-01-05 07:21:51,Braw night away in glasgow with the mrs tonight food and alcohol well needed @hayleyyoung93
DerryIrvine,2018-01-05 06:52:50,Iphones are absolute rotten like
DerryIrvine,2018-01-05 06:50:23,Happy birthday hamish! See you soon @hayleyyoung93
DerryIrvine,2018-01-03 17:14:33,Cant wait to start work on monday get a routine back in my life
DerryIrvine,2018-01-02 07:10:17,Honestly does my tits in when people snapchat their whole night. Put your phone down and enjoy yourselfs!
DerryIrvine,2018-01-01 11:44:51,Last night was unreal
DerryIrvine,2017-12-28 18:26:58,You know your getting old when your dropping your pals off at kittys and canny wait till you build the new tv unit the next day
DerryIrvine,2017-12-25 06:59:30,Well and truly spoiled by the better half and her family
DerryIrvine,2017-12-21 15:30:30,Lost his Job for Xmas!pic.twitter.com/J0ifqFHnnW
DerryIrvine,2017-12-19 20:32:56,Peaky blinders is the reason a dinny go to bed.
DerryIrvine,2017-12-17 05:33:14,Craving a pint or 10
DerryIrvine,2017-12-16 07:19:35,Dreading the works night out next friday always wake up on deaths door when I go out with @GBridgeford 
DerryIrvine,2017-12-14 11:02:34,When bits n pieces come on in Brannigans everyone became a mungo
DerryIrvine,2017-12-14 07:56:00, https://twitter.com/dapperlaughs/status/940899896298786816 ...
DerryIrvine,2017-12-09 14:09:54,Weve just eat ourselves into a food coma
DerryIrvine,2017-12-08 07:22:01,Hannah wants tonight lads!
DerryIrvine,2017-12-02 09:05:45,all because i said i sold his ultimate team pic.twitter.com/cXnzU80tAq
DerryIrvine,2017-11-29 16:34:53,And the run continues
DerryIrvine,2017-11-28 16:52:16,if you text 07725909090 when you are feeling really depressed a Samaritans volunteer will text with you.Many people don't like talking on the phone & find it difficult to open up to friends&family. Share copy&paste please spread the word.#ItsOkNotToBeOk
DerryIrvine,2017-11-22 08:24:08,7 years ago today we were given a masterpiecepic.twitter.com/B53Crbmbbt
DerryIrvine,2017-11-27 17:34:58,Is this what happens when you actually grow up CANNY WAIT for my bed best place in the world
DerryIrvine,2017-11-26 13:09:46,Pure class Brendan Rodgers made this young Celtic fan's day pic.twitter.com/dGjaH1IgVW
DerryIrvine,2017-11-23 08:46:23,Happy birthday buddy! @charleymilne96
DerryIrvine,2017-11-22 14:56:52,Well that didny last long
DerryIrvine,2017-11-21 09:01:30,Right lads @pbplumber @plymouthgas @rdmills88 @Neil3272 feel free to RT! Quick poll for you #gas4.5mb drop on an E6 meter do you:
DerryIrvine,2017-11-21 02:36:53,Wee bit fog on the road and everyone automatically goes 20 under the limit
DerryIrvine,2017-11-15 11:08:59,#BattleForBifabpic.twitter.com/oRXKHdkGwv
DerryIrvine,2017-11-10 16:38:28,Hiiiiuuuuaaaaaapic.twitter.com/c0TBO4J3dg
DerryIrvine,2017-11-09 13:57:04,Tierneys captain though
DerryIrvine,2017-11-09 10:35:33,Hamburg SV Looking like their going to the wall. Couldn't happen to a better club  One team in Hamburg ...  #sanktpauli
DerryIrvine,2017-11-09 06:52:20,Melvis saying he met a girl from Barlinnie... She was from Ballingry  #roaster
DerryIrvine,2017-11-04 18:53:43,No going to lie but your boy is out the gameee
DerryIrvine,2017-11-04 17:00:58,Should @ConnorCunnin come out with his old journeyman?
DerryIrvine,2017-11-02 17:20:17,Meet me at the club
DerryIrvine,2017-11-01 16:56:29,Hope Cody Garbrandt absolutely destroys TJ this weekend
DerryIrvine,2017-11-01 16:36:49,What you playing at hera london? PS30 for a pair eh socks PS80 for a hoodie wankss
DerryIrvine,2017-10-31 17:50:36,What a performance that was tonight so unlucky! Not forrests biggest fan but what a shift he put in! #COYBIG
DerryIrvine,2017-10-30 14:29:57,Tierney you wee beauty
DerryIrvine,2017-10-30 14:26:46, Kieran Tierney talks exclusively to #CelticTV moments after signing a new six-year deal with the Club.  https://www.celticfc.tv/tv/video/vod/6944 ...pic.twitter.com/VoMwKU7c4w
DerryIrvine,2017-10-28 14:46:32,Me: name 3 things you do before leaving the house?Hayley: do a pee do a shit and wipe ma bum..
DerryIrvine,2017-10-26 04:22:25,Why Scottish Football is the greatest thing on earth part 14pic.twitter.com/jGcA8IwR2j
DerryIrvine,2017-10-24 16:41:14,So unbelievably bored
DerryIrvine,2017-10-22 11:12:46,Actually wanted Rangers to win would have been a much easier final !! 
DerryIrvine,2017-10-21 16:44:38,Fuck the queen @charleymilne96 @hayleyyoung93
DerryIrvine,2017-10-21 16:17:45,Who the fuck just sent me one of those prank calls
DerryIrvine,2017-10-21 13:05:23,Beijing banquet my saaan
DerryIrvine,2017-10-21 07:31:57,Mika![0-1] #BetfredCuppic.twitter.com/jOF4k9kqTE
DerryIrvine,2017-10-17 16:36:45,Serviced my grans boiler and ended up on the phone to @GBridgeford for half an hour to get the hot water back on see you monday boss...
DerryIrvine,2017-10-17 09:48:09,Done my apprenticeship with the big man and now I start back with him on monday happy days! @GBridgeford
DerryIrvine,2017-10-16 08:06:15,I fucking love Kieran Tierney
DerryIrvine,2017-10-16 05:47:29,Home today wouldny mind moving to london
DerryIrvine,2017-10-15 06:54:38, they claim this is a derby disgusting scenes  https://twitter.com/shaunplfc/status/919329981842513920 ...
DerryIrvine,2017-10-12 12:22:08,Brilliant piece of ink thispic.twitter.com/7TU3J1mFul
DerryIrvine,2017-06-24 09:07:48,sulta dain hingzpic.twitter.com/dj2Gw1OgDN
DerryIrvine,2017-10-08 13:54:23,Where was that urgency for the first 35 minutes of second half! Absolutely gutted
DerryIrvine,2017-10-08 13:48:29,Watching scotlands is a pure emotional rollercoaster buzzing one moment then ready to jump off a bridge the next
DerryIrvine,2017-10-08 13:45:15,Still shite
DerryIrvine,2017-10-08 13:33:51,And instead two of Scotland's most in-form players twiddle their thumbs on the bench.
DerryIrvine,2017-10-08 13:29:23,Totally let down by the players from 'the best league in the world' again. Every one of them are gash Robertson aside 
DerryIrvine,2017-10-08 13:26:52,How does mcarthur even get a game never mind a start for scotland? Dug meat
DerryIrvine,2017-10-08 13:11:00,Here we fucking go again
DerryIrvine,2017-10-07 16:56:59,Ajax fans are mental pic.twitter.com/UCquW8X3Wb
DerryIrvine,2017-10-07 14:06:37,Cunts that do 40 you on a 60 defo pump animals like
DerryIrvine,2017-10-07 08:24:29,London next week tho cant wait for a break
DerryIrvine,2017-10-03 08:47:43,Tilers that tile on top of tiles worship the devil like @GBridgeford
DerryIrvine,2017-10-02 19:29:44,A Mcdonalds sounds unreal right now
DerryIrvine,2017-10-02 16:16:47,aggressive little midget @ConnorCunninpic.twitter.com/DwqjaUL0mc
DerryIrvine,2017-10-02 12:43:05,Your one to talk calling me bieber !!!pic.twitter.com/H3sczR8N7S
DerryIrvine,2017-10-02 11:36:57,Nae bor bieber!pic.twitter.com/uqXGhRwNY2
DerryIrvine,2017-10-02 05:45:48,Celtic's new song for Stuart Armstrong is bloody brilliant Been singing it all day! pic.twitter.com/g8ak8j28sI
DerryIrvine,2017-10-01 07:14:32,Congratulations Callum Very well deserved  https://twitter.com/scottishfa/status/914443093029670912 ...
DerryIrvine,2017-09-29 16:45:35,Connor McGregor Glasgow's green and white pic.twitter.com/fc7AC2ZE4w
DerryIrvine,2017-09-29 12:23:25,The thought that ive got a day off tomorrow is frightening!
DerryIrvine,2017-09-29 06:18:20,Fuck. My. Life.
DerryIrvine,2017-09-28 16:43:35,Id be happy to live under the radar and never speak to anyone again in my puff like my own company too much..
DerryIrvine,2017-09-28 10:24:13,JCL @GBridgeford enjoying the  Fife sun with their @baxiboilers shades.  pic.twitter.com/giUqMpMtOR
DerryIrvine,2017-09-27 09:18:45,Actually despise my job need a lotto win pronto
DerryIrvine,2017-09-20 13:02:05,Hahaha pic.twitter.com/DL7hFjuZVD
DerryIrvine,2017-09-18 07:12:12,Leeds/Mint festival with the boys this weekend tho
DerryIrvine,2017-09-16 06:09:51,Cunts that purposely take there top off to film a snapchat or video bin
DerryIrvine,2017-09-14 17:49:17,The view were incredible again!!
DerryIrvine,2017-09-14 11:40:02,The view tonight
DerryIrvine,2017-09-12 16:28:31,Aw for fuck sake
DerryIrvine,2017-09-12 15:39:04,Were actually getting our arses skelped here. Total lesson in football from psg
DerryIrvine,2017-09-12 12:18:55,I must have 440 assists then enjoy it tonight boys
DerryIrvine,2017-09-12 07:29:47,Butterflies in my stomach thinking about tonight champions league is back!
DerryIrvine,2017-09-11 06:34:54,Skrrrrrrra ting goes pa pa pa
DerryIrvine,2017-09-11 04:07:47,You go down leven sober to show face and say hello and end up with a broken rib typical
DerryIrvine,2017-09-09 09:47:51,When my bird does her fake tan it genuinely looks feels nd smells like am sleeping next to a big snoring argumentative piece of pakora
DerryIrvine,2017-09-05 13:33:45,Whats the first thing you do when you get a half day? Bed.
DerryIrvine,2017-09-04 16:04:15,Channels the celtic game on?
DerryIrvine,2017-09-04 03:47:32,Monday morning and im removing an old cast iron bath happy days
DerryIrvine,2017-09-03 16:28:14,Wow what a finale! #power
DerryIrvine,2017-09-03 16:02:43,Power finalepic.twitter.com/R1gNrMtHb8
DerryIrvine,2017-09-02 13:44:03,Chilled Saturday night
DerryIrvine,2017-09-01 06:17:00,Shit like this must trigger North Korea so much pic.twitter.com/SFiAygaMQv
DerryIrvine,2016-08-07 12:00:47,pic.twitter.com/6NWNIMbIqA
DerryIrvine,2017-08-29 09:34:07,How people with no job afford 3 festivals and 4 holidays a year I will never know 
DerryIrvine,2017-08-28 13:13:25,...pic.twitter.com/qAVERRdHaX
DerryIrvine,2017-08-27 17:16:10,See when youve to click for about an hour just to get through someones snap chat story fucking bell ends
DerryIrvine,2017-08-26 19:33:11,I'm backing #ConorMcGregor to make it 49-1. #MayweatherMcGregor https://cards.twitter.com/cards/18ce54fsawy/4pbva ...
DerryIrvine,2017-08-25 19:39:09,Dont fuck with me i have the power of jesus @ConnorCunnin
DerryIrvine,2017-08-25 06:57:30,On a train to newcastle and weve just had all of our drink taken off us great
DerryIrvine,2017-08-24 17:35:32,pic.twitter.com/iEDLc7CR0x
DerryIrvine,2017-08-23 08:37:30,Retweet for good luck fannys
DerryIrvine,2017-08-22 14:08:56,If anyone from about here is going down to mint festival next month the squads getting the 15.01 train down! #buzzin #mintfestival
DerryIrvine,2017-08-19 10:39:23,BROOOOONYYYY @BishopCrosasCSCpic.twitter.com/46E1UeVp6e
DerryIrvine,2017-08-18 11:25:03,Paddys home!!!!!
DerryIrvine,2017-08-18 05:57:36,ANNOUNCEMENT!! @viewofficial playing @TruthLeven Thursday 14th September!!! tickets on sale monday at 9am!!!pic.twitter.com/TUx6nOCoZK
DerryIrvine,2017-08-16 16:31:22,And its 5
DerryIrvine,2017-08-16 16:04:47,Oh he's wonderful beautiful magical!!
DerryIrvine,2017-08-16 14:42:06,Got all the albums on the old Spotify 
DerryIrvine,2017-08-16 14:11:18,Shitting myself to start my new job on monday hopefully onto bigger and better things tho
DerryIrvine,2017-08-16 12:55:58,Stick this on in the changing room before the players go out and we'll win 5-0pic.twitter.com/KLZyBApK6E
DerryIrvine,2017-08-13 18:33:27,Absolutely hank marvin
DerryIrvine,2017-08-11 07:00:57,Challenge? See for yer cheek it's PS900m nine hundred million quid https://twitter.com/manutdtalken/status/895951053795074049 ...
DerryIrvine,2017-08-08 16:19:29,Kieran tierney hes one of our own
DerryIrvine,2017-08-08 15:59:39,Mint Festival is looking better by the day the train down will be the best bit  #mintfestival #squad
DerryIrvine,2017-08-02 16:36:53,And were through COYBIG
DerryIrvine,2017-08-02 16:21:07,Need a second mon the selik!!
DerryIrvine,2017-08-02 07:19:05,Are you an Apprentice plumber or someone who's new to the trade?I'm giving away a tool kit to give someone the best startPlease Retweetpic.twitter.com/ItOppx5Pp2
DerryIrvine,2017-07-30 16:30:38,The thought of going back to work tomorrow mondays eh
DerryIrvine,2017-07-30 07:41:15,Forget this past 2 weeks on twitter this is what we're all about.pic.twitter.com/7zFnlqoinP
DerryIrvine,2017-07-30 11:27:25,Up the fucking ra
DerryIrvine,2017-07-29 16:22:29,What a wouldny dae for a cold bottle eh tonic right now
DerryIrvine,2017-07-28 10:09:27,Scotland have just been fined for booing when the english national anthem was playing absolute joke
DerryIrvine,2017-07-25 17:17:44,Boredum is a killer
DerryIrvine,2017-07-25 03:13:27,So tired
DerryIrvine,2017-07-24 17:25:39,Chris + Kem in the Jungle / X Factor / Strictly .. fuck it  they can even move weight for Ghost and Tommy
DerryIrvine,2017-07-24 16:59:33,FUCKING BULLSHIT
DerryIrvine,2017-07-24 16:21:50,Honestly its actually impossible not to like chris the boys a legend!
DerryIrvine,2017-07-22 15:02:59,@KieranFoy1pic.twitter.com/rrmC2lOVo7
DerryIrvine,2017-07-21 12:37:39,Fans not criminals pic.twitter.com/y23w2WzA6U
DerryIrvine,2017-07-21 11:29:36,Celtic SIGN JAMES MCCLEAN.
DerryIrvine,2017-07-20 06:52:13,Happy birthday buddy! @AmyAllanX
DerryIrvine,2017-07-18 15:38:33,Its too braw to sit in a want to get smashed
DerryIrvine,2017-07-17 22:48:40,Up 2 hours early before my alarms set cant get back to sleep great start already
DerryIrvine,2017-07-17 17:00:57,Lie detector tomorrow tho lads! Buzzin
DerryIrvine,2017-07-17 16:48:59,Chris singing way to big for your boots too Olivia my man
DerryIrvine,2017-07-17 16:28:46,Chris just give her an elbow supper mate wee boot.
DerryIrvine,2017-07-16 17:13:13,Who the fuckinghell is this guy #loveisandpic.twitter.com/weYhhG0P0l
DerryIrvine,2017-07-16 16:59:39,Yas camilla just banged!!!
DerryIrvine,2017-07-16 16:48:10,Elbows for daysss
DerryIrvine,2017-07-16 05:22:35,Turning 24 didnt feel that bad
DerryIrvine,2017-07-14 13:56:16,Get the Brits out Now!!pic.twitter.com/74LHhE9lCT
DerryIrvine,2017-07-13 16:55:12,Im fucking creased
DerryIrvine,2017-07-13 16:46:36,Chris and Kem is the ultimate bromance
DerryIrvine,2017-07-12 16:27:24,HONESTLY TELL HER TO FUCK OFF CHRIS
DerryIrvine,2017-07-12 09:43:14,Canny believe im 24 on sunday seek
DerryIrvine,2017-07-11 16:38:51,Little Bit Leave It' - Marcel and Kem (ft. one line from Chris) Available to download never... we hope! #LoveIslandpic.twitter.com/etUZDVq1OI
DerryIrvine,2017-07-11 07:29:22,Unless you are on Homes under The Hammer in which case @GasSafeRegister and the BBC doth seem to think it's fineAmen! https://twitter.com/GasSafeRegister/status/882977665313058816 ...
DerryIrvine,2017-06-06 16:44:09,Absolute quality pic.twitter.com/htabX82WL8
DerryIrvine,2017-07-09 20:58:47,No other way to spend yer birthday than getting chucked oot the strippers for geen a stripper a dance
DerryIrvine,2017-07-09 15:11:59,Bring paddy home!
DerryIrvine,2017-07-09 15:11:20,Honestly canny wait to pick hayley up at the airport missed the wee shit
DerryIrvine,2017-07-07 08:45:47,We got more for Janko than they got for Barrie McKay.
DerryIrvine,2017-07-04 16:26:40,Rangers
DerryIrvine,2017-07-03 18:16:12,Thats Mint Festival booked up with the boys buzzing!
DerryIrvine,2017-06-30 15:12:29,What the fuck is happenin
DerryIrvine,2017-06-29 19:25:11,Just had the police at the site thought i was a thief stealing the copper because im here so late
DerryIrvine,2017-06-28 16:57:28,Johnny you absolute weapon!
DerryIrvine,2017-06-28 16:42:25,"""Alright simon"" "
DerryIrvine,2017-06-28 12:20:07,Another new build prepped for bathrooms and heating install with the apprentice @pbplumber @GBridgeford @HVPmag #copperoverplasticpic.twitter.com/A0DHm9bO2c
DerryIrvine,2017-06-27 14:42:24,They've  peeled aff Joe Garner's initials pic.twitter.com/Cy8ZLFCPTR
DerryIrvine,2017-06-27 13:47:43,Proud moment when your apprentice phones to put his own tools in the van my wee loddies growing up... @ConnorCunnin
DerryIrvine,2017-06-26 09:27:40,You versus the guy she told you not to worry about.pic.twitter.com/PKzHpVrP5u
DerryIrvine,2017-06-25 08:41:56,Ur a cunt if u go to Ibiza to pose around ocean beach n shit. Go for the music and the people. Not to look good in your PS100 swimshorts
DerryIrvine,2017-06-26 18:43:22,All the way through to the forth road bridge in the cold and the things no even started moving yet
DerryIrvine,2017-06-24 20:56:43,Why was a no at the roses the night. Someone geez some pals who listen to real music so i can go to these things
DerryIrvine,2017-06-24 05:28:12,pic.twitter.com/66immcHov2
DerryIrvine,2017-06-23 17:05:21,Everybody go on Snapchat and click on the blue circle that's right in the middle of Perth HAHAHAHAHAHA
DerryIrvine,2017-06-23 15:35:06,Dua lipa
DerryIrvine,2017-06-23 02:36:01,Only thing this new snap chats good for is seeing how big the queue is in jathros 
DerryIrvine,2017-06-23 11:47:49,I cannae believe Celtic fans can't go and watch their team play because of something that happened in the 1600's.
DerryIrvine,2017-06-23 06:27:05,Gas safety check. SGN installed new meter but never tested and left a 15mb drop. Fixed leak but riddor appropriate? @GBridgeford @pbplumber
DerryIrvine,2017-06-22 19:37:34,Some people are on and off more than a fucking light switch cringeeeee
DerryIrvine,2017-06-21 16:56:50,Mike is hanging out the back of Jess in the hotel tonight 100% #LoveIsland
DerryIrvine,2017-06-19 06:35:33,Possibly Linfield at home in Ireland v Celtic on the 12th of July.... oh my words.
DerryIrvine,2017-06-18 18:34:55,Ive no chance eh sleeping tonight sticking to the sheets
DerryIrvine,2017-06-17 09:47:18,Bored out my skull
DerryIrvine,2017-06-14 17:24:04,THE FIGHT IS ON.pic.twitter.com/KhW0u3jRft
DerryIrvine,2017-06-14 08:12:40,T in the park back to balado https://twitter.com/finessekking/status/868626736942075907 ...
DerryIrvine,2017-06-14 16:38:42,Camilla get a grip min
DerryIrvine,2017-06-12 14:52:05,Public affection is a big no no for me get that so far ti fuck
DerryIrvine,2017-06-11 11:55:58,The best fucking feeling in the world. pic.twitter.com/D4FzFk4fWC
DerryIrvine,2017-06-11 14:42:04,U just picked ur nose and flicked it at me ur horrible
DerryIrvine,2017-06-10 17:28:36,Fancy coming to my grandads 70th tam @thomas_bruntonpic.twitter.com/ODlccNWyjZ
DerryIrvine,2017-06-10 14:09:09,We were just plain and simple robbed. Never a free kick!
DerryIrvine,2017-06-10 08:56:32,Truth looked absolutely mental last night
DerryIrvine,2017-06-09 12:08:54,@joe16led is a free agent. Bring him home @celticfcpic.twitter.com/FC7nVUNi2K
DerryIrvine,2017-06-07 10:48:10,Don't ever pretend you care about anyone but yourself or your cronies and their financial interests.
DerryIrvine,2017-06-06 16:55:20,ISIS: We're going to take over the UK.UK:pic.twitter.com/36Kj9luDc8
DerryIrvine,2017-06-05 15:38:03,As Virgil van Dijk gets set to become most expensive defender ever lets reminisce over the fact he's blocked me for no reason whatsoeverpic.twitter.com/fSK1cGGJHr
DerryIrvine,2017-06-05 14:34:53,Sometimes I cant stand plumbing get me a new job!
DerryIrvine,2017-06-05 13:12:54,Just got caught working in that rain am soaking fuck this shit im out
DerryIrvine,2017-06-04 22:33:13,Youd think because im at work in the morning id be asleep eh? You thought wrong
DerryIrvine,2017-06-04 16:48:09,Celtic are closing in on deal to sign Patrick Roberts.pic.twitter.com/02BuGmWPBk
DerryIrvine,2017-06-04 16:51:49,Liam you are the man!!!
DerryIrvine,2017-06-04 16:43:13,Gen up cry my wee heart out if oasis jumped on that stage like!
DerryIrvine,2017-06-04 15:28:06,If ever Liam and Noel should settle their differences today should be the day. Would be one of the most iconic moments in music history.
DerryIrvine,2017-06-03 20:00:53,We've had two attacks in a fortnight on your watch you fucking whopper https://twitter.com/borisjohnson/status/870742688445984768 ...
DerryIrvine,2017-06-02 15:44:45,How actual cool is sergio ramos eh
DerryIrvine,2017-06-02 13:45:49,what the actual fuck has my sister just witnessed hahahhahapic.twitter.com/kGsqElRhU8
DerryIrvine,2017-06-02 12:16:30,This week at work has been full on could sleep this whole weekend away
DerryIrvine,2017-05-30 19:16:17,Canny sleep cause im that hungry seriously considering paying mcdonalds a visit
DerryIrvine,2017-05-28 22:11:36,That was my point you wee fanny
DerryIrvine,2017-05-30 04:56:11,Whatever happens it has been a pleasure to play for this club! Thanks to the staff players & fans for an unforgettable season. Hail Hail pic.twitter.com/z0sP87bWU0
DerryIrvine,2017-05-29 03:33:15,Changed days when your at the job early and the gaffers late must be monday
DerryIrvine,2017-05-29 03:18:13,This 2 day hangover can bolt
DerryIrvine,2017-05-28 14:23:14,Rangers had to be destroyed for celtic to succeed fucking stop it
DerryIrvine,2017-05-28 07:19:40,Suppose i better get up and go get my car then
DerryIrvine,2017-05-27 16:22:34,Did a tell use? We just went the full season unbeaten and won the treble what a fucking season man! Rebel treble babyyyyy
DerryIrvine,2017-05-27 13:27:42,pic.twitter.com/XviOneQAsW
DerryIrvine,2017-05-26 07:17:23,RT + Follow for your chance to win #TOTS De Bruyne signed TOTS Shield FIFA TOTS Kit + a Xbox One Blue Controller  Winner announced Mondaypic.twitter.com/GEC5UtsEKX
DerryIrvine,2017-05-27 05:35:55,Cant wait to drink my weight in dark fruits today sir!
DerryIrvine,2017-05-26 17:33:47,Actually considering going home hayleys room is a fucking sweat pit
DerryIrvine,2017-05-25 15:00:02,The wait is nearly over Brothers n Sisters massive announcement first thing tmorrow morning sleep tight and don't let the bed bugs bite LG x
DerryIrvine,2017-05-25 08:12:30,Crate of dark fruits and toast myself in the garden wouldnt go a miss today!
DerryIrvine,2017-05-24 15:36:14,And before you say cause i know you will the return with the filter was straightened up
DerryIrvine,2017-05-24 15:35:27,Nice little install done yesterday system out combi in@pbplumber @GBridgefordpic.twitter.com/eOgaiPwnPi
DerryIrvine,2017-05-23 07:02:21,The homeless man who ran to help who cradled a woman who died in his arms that's who we should aspire to beHe has nothing & gave his all.
DerryIrvine,2017-05-23 06:46:42,@liampratt17 how fucking small minded and arrogant can you be? People have just lost their lives and loved ones. Disgustingpic.twitter.com/F5CMYM4bVJ
DerryIrvine,2017-05-23 06:45:49,Your a wee fucking dipshit get a grip @liampratt17pic.twitter.com/gkD9wI9ci7
DerryIrvine,2017-05-22 20:32:18,PLEASE DONT STOP RETWEETINGFOR ANYONE SEARCHING FOR A CHILD OR LOVED ONE IN #MANCHESTER PLEASE CHECK AT THE HOLIDAY INNpic.twitter.com/gRx6iYERCD
DerryIrvine,2017-05-23 04:54:25,Bairns man fucking kids. No one should have to step outside their home and not come back again #prayforManchester
DerryIrvine,2017-05-23 04:51:49,This world absolutely sickens me
DerryIrvine,2017-05-21 09:47:34, Scott Brown and the #inVIncibles lift the @spfl trophy!pic.twitter.com/bphptrfjav
DerryIrvine,2017-05-21 05:32:13,Absolutely everybody and their dog looked like they were out last night fresh sundays is what its all about
DerryIrvine,2017-05-20 12:35:14,According to @CQNMagazine Celtic's offer for Patrick Roberts has been accepted by #MCFC. The decision is up to himpic.twitter.com/RXNZqKLVcf
DerryIrvine,2017-05-16 19:00:26,On this day in 1956 Jock Stein played his last game for Celtic and on this day in 1966 he was named British manager of the year.pic.twitter.com/yVFEy1DeBb
DerryIrvine,2017-05-15 17:45:02,Dying for another night at SWG3
DerryIrvine,2017-05-14 07:47:09,Just seeing this GIF from Friday. Amazing. Diego Costa slapping a player's arse while Pedro gets a sudden cramp. Can't stop watching.pic.twitter.com/GbQ2uvaFhz
DerryIrvine,2017-05-13 14:14:34,Raith let me down for 570 glad yous have been relegated bunch eh fannys
DerryIrvine,2017-05-13 07:15:34,You seen juicy m's snapchat story lately man.... @AWilkie93
DerryIrvine,2017-05-12 04:08:41,When Friday comes...pic.twitter.com/wTumopLMO9
DerryIrvine,2017-05-11 03:44:54,This is what Celtic's latest transfer target Srdan Plavsic is capable of.pic.twitter.com/pWDkcFCYn7
DerryIrvine,2017-05-09 18:08:20,See when yous are sleeping the night im sneaking in creepyyyyy @MagicWands_5 @shansxoxox
DerryIrvine,2017-05-08 12:36:42,I think what we all need in our life right now is for Basshunter to come back and drop an absolute banger
DerryIrvine,2017-05-06 17:56:19,Get so pissed off at life sometimes then I remember just how shite the rangers are and I feel better
DerryIrvine,2017-05-06 01:35:23,SWG3 producing last night likeeee pic.twitter.com/7LLFW2qqu8
DerryIrvine,2017-05-06 05:25:31,Green velvet looked insane last night  next time is a must
DerryIrvine,2017-04-30 09:49:26,Sore today sunday sesh starts soon tho
DerryIrvine,2017-04-29 07:31:57,Not sure Andy Walker is right saying he has gone in with two feetpic.twitter.com/aDZofePeRX
DerryIrvine,2017-04-29 09:54:09,Glasgow's Green and White! #6inarow #COYBIGpic.twitter.com/z87jAsV41S
DerryIrvine,2017-04-29 08:46:28,You sexy sweedish fucker!!!
DerryIrvine,2017-04-29 08:12:03,Its just to easyyyyyyyyyyyyy!!
DerryIrvine,2017-04-29 07:50:53,Jozo Simunovic Eater Of Souls.pic.twitter.com/D0XulxBh5x
DerryIrvine,2017-04-29 07:48:32,Simunovic is an absolute rock. Most underrated player in the squad
DerryIrvine,2017-04-29 07:19:06,THIS IS HOW IT FEELS TO BE CELTIC! What a finish big man reb treb is near!
DerryIrvine,2017-04-24 03:23:16,Anybody else receive james wands snapchats of him singing and want ti punch him in the throat?
DerryIrvine,2017-04-23 16:28:28,See getting ignored after a text or snapchat is fucking infuriating
DerryIrvine,2017-04-23 11:30:27,pic.twitter.com/iFfH78lqiK
DerryIrvine,2017-04-23 03:52:04,Beer in hand reb tunes are on on route to hampden COYBIG
DerryIrvine,2017-04-21 12:22:41,That sickly feeling when your in a bad mood gives me the fear
DerryIrvine,2017-04-21 05:11:31,The thoughts & prayers of everyone at Celtic are with the family & friends of former Rangers defender Ugo Ehiogu following his sad passingpic.twitter.com/vfnLh3YNvr
DerryIrvine,2017-04-19 14:43:55,Fucked it again
DerryIrvine,2017-04-17 11:28:37,Aw the skl bairns moaning about gon back to skl the day after 2 weeks aff wait till u get 26 days aff a year never ken wits hit ye
DerryIrvine,2017-04-18 08:49:20,Oi @gradowrestling it's Yersel Cumdog!! Think you can eat lunch in my training centre think again brother  #Cumdogpic.twitter.com/gn7fJzEldu
DerryIrvine,2017-04-17 09:08:10,Mikael Lustig's best bits.pic.twitter.com/STUIWZmEkv
DerryIrvine,2017-04-16 09:20:47,Tom daily would be proud of that  https://twitter.com/celticgoals/status/853598219804299266 ...
DerryIrvine,2017-04-16 04:57:43,So much clothes/trainers i want to buy so little money
DerryIrvine,2017-04-14 19:38:10,pic.twitter.com/svteGeAofr
DerryIrvine,2017-04-13 18:08:12,How can people manage kittys on a Thursday and work the next morning way past that like
DerryIrvine,2017-04-13 16:06:59,Museum and the cat cafe with hayley on saturday had wilder days like but something different @hayleyyoung93
DerryIrvine,2017-04-13 06:53:38,Mental how the cunts that were never at school and didny give a fuck have ended up with better jobs
DerryIrvine,2017-04-12 14:06:57,Right am proper jealous of everyone at lost and found in Malta fuck man!
DerryIrvine,2015-02-15 15:10:02,For every retweet this gets Pedigree will donate one bowl of dog food to dogs in need!  #tweetforbowls  https://twitter.com/CuteOverloads/status/565529592526819329/photo/1pic.twitter.com/z4rmc2HsGT 
DerryIrvine,2017-04-11 16:24:22,#NewProfilePicpic.twitter.com/4n6zs6IIUS
DerryIrvine,2017-04-09 06:04:34,Need an iceblast to sort me right out about now
DerryIrvine,2017-04-08 04:55:35,Actually canny wait for my shift in brannies tonight end of an era its going to be carnage
DerryIrvine,2017-04-05 13:47:24,Chloe just had my car key in her mouth and turns around and says her lips have went all numb and asks what is going on. Ahah oyf no danger
DerryIrvine,2017-04-05 16:48:28,Bournemouth get to fuck!!!!!! 550 down the drain min
DerryIrvine,2017-04-04 16:48:54,Well thats man utd in the cunt book. Just let me down for PS600! 
DerryIrvine,2017-04-04 13:10:59,So many good memories & emotions at key moment this season. Joy is found not in finishing an activity but in doing it.  @celticfcpic.twitter.com/RPS4yQ8YeV
DerryIrvine,2017-04-04 10:04:21,Pishing myself at that boy who got floored by the bull thats what you deserve...
DerryIrvine,2017-04-02 16:29:34,One last bang in brannies next weekend from working there to partying there am going to miss the place!
DerryIrvine,2017-04-02 09:40:09,Kolo... Kolo Kolo...  #6inarowpic.twitter.com/N2ZxlwQCHB
DerryIrvine,2017-04-02 08:52:29,Some goal paddy!!!
DerryIrvine,2017-03-31 10:28:06,People that read texts and snapchats but never reply ignorance at its best
DerryIrvine,2017-03-31 05:27:52,Finally Friday!  If you haven't already follow these brilliant people. @pbplumber @ratechhotun @DerryIrvine @UKPOTY @InstallersFirst #ffpic.twitter.com/J3Gxqznd1n
DerryIrvine,2017-03-30 05:54:10, | Happy Birthday to @CelticFC & @ScottishFA midfielder @StuArmstrong16 he turns 25 today! pic.twitter.com/DkV1iznhUj
DerryIrvine,2017-03-30 07:05:42,Clerk of works are not my favourite kind of people
DerryIrvine,2017-03-26 16:30:08,Scotland really are fucking terrible
DerryIrvine,2017-03-25 05:51:03,Ive never seen hayley in such a bad state before fucking tit
DerryIrvine,2017-03-24 09:44:47,Truth opening tonight cant wait to get paralytic
DerryIrvine,2017-03-22 20:00:13,Happy Birthday to the one and only Bertie Auld. Here he is celebrating Celtic's 100th trophy win when we beat Aberdeen in November.pic.twitter.com/sHZ9jDayWr
DerryIrvine,2017-03-22 19:32:24,No been out with the other half in ages friday cant come quick enough @hayleyyoung93
DerryIrvine,2017-03-21 05:49:31,Cant wait to be jumping about in my boots to marko liv...
DerryIrvine,2017-03-20 17:48:39,Unblocking my drains was not what I had in mind after work today perks of being a plumber I guess
DerryIrvine,2017-03-18 18:03:20,Who the fuck is that guy?
DerryIrvine,2017-03-17 17:34:36,Its actually unreal how much I love connor mcgregor
DerryIrvine,2017-03-17 11:34:19,Dinnae make the weekend Messi. Neymar peels or disco Busquets!Barca have quality control but there's nay quality control in peels!#Dinnaepic.twitter.com/ViDNWCf8P1
DerryIrvine,2017-03-14 17:43:10,This is a great piece of footage well done to whoever caught it from that angle HHpic.twitter.com/9IXFOkJGzc
DerryIrvine,2017-03-12 09:51:59,Here we go 10 in a row 
DerryIrvine,2017-03-12 09:55:44,Acting as if yous have one the champions league after a draw against the worst performance we have put in this season..
DerryIrvine,2017-03-12 09:52:18,Tavernier giving his shirt to the crowd after a 1-1 draw with Celtic. Says absolutely everything
DerryIrvine,2017-03-12 08:55:31,Den inn sundays
DerryIrvine,2017-03-12 08:35:21,Yes you big sexy good looking cunt!!!!
DerryIrvine,2017-03-12 08:00:02,Here we fucking go!
DerryIrvine,2017-03-11 14:17:21,Actually cannot wait for tomorrow! Its old firm day!
DerryIrvine,2017-03-10 09:19:21,If someone could transfer 2g's into my account that would be appreciated
DerryIrvine,2017-03-09 19:47:33,Still gutted that am no making @Patrick_Topping on Saturday shoot me now.
DerryIrvine,2017-03-09 05:43:37,A touching message from our Celtic Brother Pedro Caixinha in 2015. pic.twitter.com/9TNCFgjr93
DerryIrvine,2017-03-08 17:02:34,Holy shit Barcelona
DerryIrvine,2017-03-06 14:59:11,"""Gerron"" honestly just no ya fanny."
DerryIrvine,2017-03-05 20:41:23,Been trying to sleep for about 3 hours its just no happening
DerryIrvine,2017-03-05 13:40:57,pic.twitter.com/iATtHq2MQY
DerryIrvine,2017-03-04 18:34:26,Delighted for bellew well deserved but what heart shown by haye!
DerryIrvine,2017-03-04 17:21:02,Hope its an upset tonight like mon bellew!
DerryIrvine,2017-03-03 16:43:06,Thats me and hayley all caught up on power after that last episode we we both took a major tantrum
DerryIrvine,2017-03-02 02:04:16,On this day in 2011 Celtic beat Rangers 1-0 in a Scottish Cup replay. Mark Wilson scored the goal knocking out Papac in the process.pic.twitter.com/6ZCSScK6Vf
DerryIrvine,2017-03-02 03:55:24,Customers:Contrary to popular belief good plumbers aren't sat in a lay-by anxiously awaiting your call ready to come straight round 
DerryIrvine,2017-03-02 05:58:52,Rip tommy gemmell a lisbon lion and a true legend of the club hail hail
DerryIrvine,2017-03-01 12:51:56,Turn into a right wee sook when am ill a want @hayleyyoung93 here now
DerryIrvine,2017-03-01 07:23:53,Gen up worst feeling in the world being ill 
DerryIrvine,2017-02-28 03:30:18,So woke up in a puddle of sweat and my bodys on fire back to bed for me
DerryIrvine,2017-02-26 14:17:59,is this normal?pic.twitter.com/BZe8Holx85
DerryIrvine,2017-02-27 14:55:48,Selling 1 patrick topping ticket for the 11th of march liquid rooms any takers?
DerryIrvine,2017-02-27 14:28:36,What a shift jumping straight into bed when a get home
DerryIrvine,2017-02-26 18:22:05,Dldk has destroyed me probs still be rough by tomorrow
DerryIrvine,2017-02-24 09:23:07,It's that shit that your team which spent 320 odd million in the last two seasons couldn't beat a team from it... https://twitter.com/dannyctid/status/835128826745262080 ...
DerryIrvine,2017-02-22 15:56:20,Katy perry with her blonde hair oh my days
DerryIrvine,2017-02-20 04:50:27, Happy Birthday @ArturBoruc! pic.twitter.com/IEyPqZ83Nz
DerryIrvine,2017-02-18 14:51:16,What I would do for decent food right now!
DerryIrvine,2017-02-18 05:32:25,You're just jealous you weren't good enough to play for either... Rangers manager has left that's why we talk about it... Keep up https://twitter.com/robbiesavage8/status/832899557394620417 ...
DerryIrvine,2017-02-18 08:58:54,Mind is actually all over the place
DerryIrvine,2017-02-18 04:06:36,Go back to brannies to work for one night and am needing to go to a&e great
DerryIrvine,2017-02-17 16:35:25,Guys this happens to be the sound of the jungle coming through
DerryIrvine,2017-02-16 10:01:39,
DerryIrvine,2017-02-15 15:49:37,Dldk and @Patrick_Topping ticket purchased geeeeeez it!
DerryIrvine,2017-02-14 15:26:11,Curry walking dead and power perfect valentines @hayleyyoung93
DerryIrvine,2017-02-11 09:51:51,Such a good time to be a @celticfc fan right now a joy to watch enjoy it troops.  #celticfamily
DerryIrvine,2017-02-10 16:20:26,Warburton leavesWeir leavesCollymore still hereCeltic breaking recordsHappy 10th! https://twitter.com/bluesbrothers86/status/752998795290484737 ...
DerryIrvine,2017-02-07 16:01:04,Never forget that back heel though pic.twitter.com/IoonLGMnf3
DerryIrvine,2017-02-05 17:50:05,"Just got pulled over cause I ""looked abit young to be driving a bmw"" fuck off mate seriously?"
DerryIrvine,2017-02-04 03:48:16,Up at this time on sat to take my car into the garage
DerryIrvine,2017-02-02 03:22:30,Falling asleep at the wheel am no ready for today at all
DerryIrvine,2017-01-26 04:08:40,2017 Sunday tickets are now on general sale! Limited PS99 weekend tickets selling out quick! #TakeMeToSW4  https://goo.gl/P7FcpD pic.twitter.com/nG1Ze36Ps9
DerryIrvine,2017-01-27 04:28:37,folk that buy & sell gig tickets 5x their original price are the type of folk that shag their cousin
DerryIrvine,2017-01-21 19:17:29,pic.twitter.com/1qNkYqP0oR
DerryIrvine,2017-01-21 19:08:08,Wide awake and hayleys out for the count bored is an understatement someone pick me up and take me to the sesh
DerryIrvine,2017-01-20 06:58:22,Barack Obama is going to nail this retirement thing! #ThankYouObamapic.twitter.com/CAk3RCWaTw
DerryIrvine,2017-01-14 18:41:56,Deep water horizon what a great film btw!
DerryIrvine,2017-01-10 08:37:45,Moussa Dembele (19 5)Here's every goal from the Frenchman this season!pic.twitter.com/NlKgzc3FSe
DerryIrvine,2017-01-10 15:07:05,Bored out my skull!
DerryIrvine,2017-01-10 03:08:13,This fakin cold can do one! Canny breathe
DerryIrvine,2017-01-09 03:09:49,Back to the early rise again bring on friday
DerryIrvine,2017-01-02 20:04:23,A hope Gary pumped that bird because faaackin do me eh was the best thing to come out of 2016
DerryIrvine,2017-01-04 13:31:00,My new years resolution is to stop being a skinny wee cunt pass me the roido's gains brer
DerryIrvine,2017-01-02 19:40:42,Beautiful. Magical.pic.twitter.com/6PWqwoUsRm
DerryIrvine,2016-12-31 19:10:27,Swedish sexy legendpic.twitter.com/bHRnnj9tm4
DerryIrvine,2016-12-31 10:54:18,Burds who pretend to love the football on old firm Day give me the boke away back tae tweets like how ye know everything yer bfs are upty
DerryIrvine,2016-12-31 11:03:23,We came we saw we conquered kings of Glasgow again ! Top team performance & world class support! Enjoy Ur new years eve #Bhoys 
DerryIrvine,2016-12-31 09:44:16,COYBIG!!
DerryIrvine,2016-12-31 06:40:25,Right into these cunts the day bhoys! COYBIG
DerryIrvine,2016-12-30 10:25:44,Hope Ibrox goes into darkness the morn whilst the undertaker theme plays and when the lights come back on Tierney is standing at left back.
DerryIrvine,2016-11-20 18:26:13,GARY FACKIN DO ME EH GAN AMEREEEEEEEEEEEECApic.twitter.com/Sa1Xkb6qRH
DerryIrvine,2016-12-23 21:02:01,Lifts from wemyss to kdy!?? PS
DerryIrvine,2016-12-23 02:55:14,First day off work and my car breaks down fucking brilliant
DerryIrvine,2016-12-21 16:43:15,Thats something im ment to do not you @hayleyyoung93
DerryIrvine,2016-12-21 16:42:43,started a new series called the missing watched the first episode and were hooked just found out she started season 2 instead of 1 idiot!
DerryIrvine,2016-12-21 07:57:28,Humbug this year like everyone and everything is pissing me off
DerryIrvine,2016-12-20 14:41:27,Actually dont have a life all i ever seem to do is work friday better come quick am getting buckled!
DerryIrvine,2016-12-14 03:42:54,I'm one more skinny comment away from getting on the gear and ordering 20 tubs of creatine and buying a gym membership
DerryIrvine,2016-12-12 17:51:12,Actually dont have a life anymore working near enough every hour of the day! Such a miserable bastard the night
DerryIrvine,2016-12-12 16:29:37,In a fucking foul mood the night like give me food asap
DerryIrvine,2016-12-10 04:39:51,Canny believe i had to get up at 3am last night and chase that fucking cat about the house cause he had a mouse wee ginger prick
DerryIrvine,2016-12-09 15:57:53,Celtic away days are turning into a 90's rave. From scooter to flip and fill. Long may it continue 
DerryIrvine,2016-12-09 06:39:00,Good crow M.A.A.D Citypic.twitter.com/nTTUWOjZf8
DerryIrvine,2016-12-08 18:45:57,Oliver heldens looked banging the night!
DerryIrvine,2016-12-07 17:54:36,Push the tempo!.... @ChemBros blowing the cobwebs out the secc #Glasgowpic.twitter.com/WTsmDBjToD
DerryIrvine,2016-12-07 16:26:32,Gon yourself davie lad rip that air guitar
DerryIrvine,2016-12-05 07:31:15,Fackin do me eh
DerryIrvine,2016-04-26 06:52:43,"When Arctic Monkeys dropped this cover of ""Hold On We're Going Home""pic.twitter.com/xWPNHkOKVh"
DerryIrvine,2016-12-04 09:44:24,'FUCKIN ALLOA FUR YE EH' pic.twitter.com/mKp0pfDNfn
DerryIrvine,2016-12-03 05:27:50,Glasgow day sesh and defected in the house at night fucking geez it!
DerryIrvine,2016-12-01 13:56:45,Actually dont have a life anymore after working all this overtime recently think of the ceshhhhhhhhhhh sir!
DerryIrvine,2016-11-27 13:43:48,Shoutout to the people who can handle a sunday sesh the day you cunts are heroes
DerryIrvine,2016-11-27 11:18:03,Well and truly kicked the erse out of it last night been bedded all day min
DerryIrvine,2016-11-25 15:13:27,A highlight of this year for sure!@faithless @KoolDJ_MaxiJazz @thesisterbliss #TITPmemories https://twitter.com/max_holloway10/status/802242489746800641 ...
DerryIrvine,2016-11-21 03:14:24,Vans broke down great start to the morning
DerryIrvine,2016-11-19 16:12:24,GOD BLESS THE BAND
DerryIrvine,2016-11-19 16:08:55,Unreal amounts of jealousy at people who are at the courteeners the night hope the mic's fail ya dicks!
DerryIrvine,2016-11-17 18:33:43,Cannot get easy street out of my head after watching the walking dead feel for daryl like that shit is torture
DerryIrvine,2016-11-17 13:06:07,"""Hit it big man""pic.twitter.com/c8wDmaxRu7"
DerryIrvine,2016-11-14 18:55:00,Actually depressed that am no going to the courteeners even worse that none of my pals fancy the indie scene sound x
DerryIrvine,2016-11-14 07:33:10,Big happy birthday to the wee bro @shansxoxox  hope you have a great day palx
DerryIrvine,2016-11-13 10:14:07,#ConorMcGregor at his after party. #UFC #ufc205pic.twitter.com/zu9FUF3O09
DerryIrvine,2016-11-13 14:54:56,Still waiting for the day this man enters the jungle #ImACeleb  https://twitter.com/ImACelebReacts_/status/797872333801267200/photo/1pic.twitter.com/fRlLIThvh4 
DerryIrvine,2016-11-13 05:07:55,Didnt even go out last night and i feel hungover
DerryIrvine,2016-11-12 14:02:53,Walking back to ma bit fi the shop wi ma Saturday supplement n some Wee raj just shouted to his neebur whys that goth got a bottle eh Buck
DerryIrvine,2016-11-11 15:55:13,Fucking hate england with a passion
DerryIrvine,2016-11-11 15:53:43,Thats scummy as fuck
DerryIrvine,2016-11-10 02:40:59,Just had breakfast for the first time in years perks of staying with your gran and grandad
DerryIrvine,2016-11-09 15:43:36,#COYBIG pic.twitter.com/pJ1EwEhWEa
DerryIrvine,2016-11-09 02:00:51,There's only one man who can save us now #kanye2020 #ElectionNightpic.twitter.com/C9b4tPJGZF
DerryIrvine,2016-11-08 14:17:18,Fixed the boiler had my tea done the dishes put a washing on put the bin out fuck this own house caper am back to my mums tomorrow
DerryIrvine,2016-11-06 06:56:47,Wish i had the money to get melted everyday all day
DerryIrvine,2016-11-05 17:15:10,Fireworks tonight  https://www.instagram.com/p/BMcXR-WjopF/ 
DerryIrvine,2016-11-04 11:54:13,True love .pic.twitter.com/RLlCyIbmYt
DerryIrvine,2016-10-26 16:37:31,@celticfc my son built this on Minecraft pic.twitter.com/hZZs1IXwNZ
DerryIrvine,2016-11-01 18:44:28,"Sound asleep on the couch and my mum wakes me up ""derry do you want a coffee?"" Fuck sake you serious?"
DerryIrvine,2016-10-30 05:12:00,Chelsea Man Utd & Man City are preparing to go head to head with Real Madrid for Celtic's PS40m sensation Moussa Dembele. (Source: Express)pic.twitter.com/6WOSBc4jK9
DerryIrvine,2016-10-30 05:56:23,HOLY SHITpic.twitter.com/xKXbrTpET2
DerryIrvine,2016-10-27 12:45:32,Bieber tomorrow thooooo
DerryIrvine,2016-10-24 14:47:49,Looks like im going to have to stay off twitter cause if someone ruins walking dead for me i will kill
DerryIrvine,2016-10-23 12:08:00,Most one sided game you'll see this season... mind that time Scott brown was finished? Neither do I run the show! Know your place
DerryIrvine,2016-10-23 11:06:10,Yessssss!!
DerryIrvine,2016-10-23 08:05:14,Totally kicked the arse out of it last night like head is thumpin
DerryIrvine,2016-10-20 19:19:44,My sleeping pattern is a shambles
DerryIrvine,2016-10-17 16:42:08,You to cool to wave back when your birds in the car like? @SEAN_PAUL97
DerryIrvine,2016-10-15 13:07:08,Told Harley I'd drop sumin from the Chinese off for him.. He's been sitting waiting for fucking ages Now I'm blockedpic.twitter.com/NVGpEogAOw
DerryIrvine,2016-10-15 10:11:59,Cant be jeered with this flight home but i cant wait to get back to reality and to see the cat and the dogs
DerryIrvine,2016-10-14 13:34:22,New boots have arrived My @adidasfootball #Messi16 Space dust make their debut this weekend. #Firstneverfollowspic.twitter.com/KSjcythsq4
DerryIrvine,2016-10-14 11:52:00,Surely that girl should thrown in the jail now with the real rapists for lying and ruining a mans career and life!
DerryIrvine,2016-08-01 11:07:42,When the rebs get put on pic.twitter.com/a7F2Y30Gnv
DerryIrvine,2016-10-12 10:00:59,Toni Kroos now on PS350 grand a week
DerryIrvine,2016-10-11 18:43:42,Im a mutha fucking star boy
DerryIrvine,2016-10-11 17:32:47,pic.twitter.com/PuHmr6821a
DerryIrvine,2016-10-11 17:18:12,Swimming with the dolphins today was incredible! @hayleyyoung93
DerryIrvine,2016-10-08 08:42:57,Cant believe this band isnt bigger. Shows example that the music scene is fuckedWE'LL LIVE AND DIE IN THESE TOWNS https://twitter.com/theenemyband/status/784733517590691841 ...
DerryIrvine,2016-10-01 17:38:08,She's going top left I'm guessing  Hahahahahpic.twitter.com/ZF3f4fZJKD
DerryIrvine,2016-09-29 17:14:38,The wee boy on the left is a ball boy who can only dream. The boy on the right is that same wee boy living the dream a few years later. KTpic.twitter.com/80DaZdfEWr
DerryIrvine,2016-09-29 14:12:36,Whilst only trying to record a bit of the Symphony last night I managed to catch Big Moussa Dembele's first goal absolute scenes! #Celticpic.twitter.com/UjIn1NW6sn
DerryIrvine,2016-09-29 03:52:49,Last day at work today then off to america on sat buzzin!
DerryIrvine,2016-09-28 16:39:02,Mammoth effort from Celtic tonight so proud of the bhoys after that shift
DerryIrvine,2016-09-28 16:34:49,What a game of football respect to all those Celtic fans what a sound CUM ON FEEL THE NOIZE LG x
DerryIrvine,2016-09-28 16:36:49,What a performance bhoys! COYBIG
DerryIrvine,2016-09-27 02:49:34,This week better fly in so i can fly out this Saturday!!
DerryIrvine,2016-09-25 15:53:20,Is louie gagging for the dick or something like who the fuck in the right mind would bring those two tin foil packets back? Fanny
DerryIrvine,2016-09-21 15:19:52,Play the penpic.twitter.com/rZzcKRdHiy
DerryIrvine,2016-09-25 10:03:27,For any rangers fans to be calling Scottish football corrupt after that wow
DerryIrvine,2016-09-25 10:01:22,Hahahahaha rangers!!!
DerryIrvine,2016-09-24 09:16:39,After florida all my money every week is going on tattoos going to get absolutely covered
DerryIrvine,2016-09-24 06:48:51,Got shouted out my bed this morning by hayley cause she wanted to go out so i jump up rush about to get ready and now im waiting on her??
DerryIrvine,2016-09-23 17:33:58,Wish i was going to patrick topping next week but im away to florida instead canny wait min!!!!
DerryIrvine,2016-09-23 05:38:15,#FridayFeeling @leighgriff09 @celticfc pic.twitter.com/as62LFcich
DerryIrvine,2016-09-18 16:58:02,How the fuck did those two gay boys and hunny g manage to get through the night? That is ridiculous
DerryIrvine,2016-09-18 11:32:31,Why is it every time my coupon is winning your site always manages to suspend betting on my slip? Rip off @WillHillBet
DerryIrvine,2016-09-16 16:03:30,Hot dog hot dog hot diggity dog
DerryIrvine,2016-09-15 11:38:51,Canny help maselfpic.twitter.com/dDAxQny4zz
DerryIrvine,2016-09-13 14:03:25,Hoping for a shock tonight please! Mon the hoops
DerryIrvine,2016-09-12 11:59:22,Aw fuck off Rangers you greeting faced shower of shite hypocritical zombie bastards. 5-1.
DerryIrvine,2016-09-10 10:28:09,You ok @Joey7Barton ?pic.twitter.com/XGmerpLLbw
DerryIrvine,2016-09-10 11:24:48,Is it cold in his shadow
DerryIrvine,2016-09-10 09:17:48,Just left the stadium absolute HUN SMASHING!!!
DerryIrvine,2016-09-10 09:08:03,Joey Barton yet to tweet about the game as he's unable to get signal in Scott Brown's pocket
DerryIrvine,2014-09-07 05:08:41,Can't wait to play at Paradise today... #HH #boyhooddreamscometrue
DerryIrvine,2016-09-10 04:37:52,Scottish folk that would rather watch the manchester derby than the old firm absolute baffle me like
DerryIrvine,2016-09-10 03:23:29,Today is finally here time for war!!
DerryIrvine,2016-09-09 15:03:07,Actually buzzing for tomorrow paradise here I come! #Oldfirm #COYBIG
DerryIrvine,2016-09-07 16:25:19,Kourtney Kardashian is unreal
DerryIrvine,2016-09-06 14:13:25,Tiocfaidh Ar La sing Up the Ra
DerryIrvine,2016-09-05 13:54:48,Sitting next to scott browns mum and dad
